id,model,temperature,seed,timestamp,control_options,control_option_order,control_answer,control_extraction,control_decision,treatment_options,treatment_option_order,treatment_answer,treatment_extraction,treatment_decision,status,error_message,bias
400,gpt-4o-mini-2024-07-18,0.0,43,2025-04-06 19:06:21,,,,,,,,,,,ERROR,"Could not obtain a decision from the model to the following prompt:

You will be given a decision-making task with multiple answer options.
Situation:
Suppose you are a brand manager at a company in the household & personal products industry.
You allocate a percentage of the marketing budget specifically towards creating targeted digital content aimed at increasing engagement and loyalty among Millennial consumers.

Prompt:
Which allocation level do you choose for this purpose?

Answer Options:
Option 1: 0%
Option 2: 10%
Option 3: 20%
Option 4: 30%
Option 5: 40%
Option 6: 50%
Option 7: 60%
Option 8: 70%
Option 9: 80%
Option 10: 90%
Option 11: 100%

Select exactly one option.

Request timed out.",Anchoring
